id,comment_text,sentiment_category
1,"The proposed amendments to the corporate governance framework represent a significant step forward in aligning with international best practices. The clarity in director responsibilities and enhanced disclosure requirements will undoubtedly improve transparency and accountability across all sectors. However, I would suggest considering additional provisions for small and medium enterprises that might struggle with the compliance burden. Overall, this is a well-thought-out initiative that balances regulatory needs with practical implementation challenges. The consultation process itself has been commendably thorough and inclusive.",positive
2,"This legislation is fundamentally flawed and demonstrates a complete disregard for the practical realities faced by businesses in our country. The compliance costs alone will cripple small enterprises, while the bureaucratic red tape will stifle innovation and growth. The drafting appears rushed without proper consideration of unintended consequences. Rather than fostering a positive business environment, these measures will drive investment away and hamper economic recovery. The consultation period was insufficient for proper analysis of such complex changes. I strongly urge a complete reconsideration of this approach.",negative
3,"The meeting to discuss the proposed regulatory changes is scheduled for next Tuesday at 3:00 PM in the main conference room. All stakeholders are requested to submit their position papers by Friday to ensure adequate review time before the discussion. The agenda will focus primarily on sections 4.2 through 4.5 of the draft document, with particular attention to compliance mechanisms and implementation timelines. Documentation will be circulated 48 hours in advance to allow participants to prepare adequately. Please confirm attendance by end of business tomorrow.",neutral
4,"I am absolutely thrilled with the proposed changes to the environmental compliance regulations! The strengthened provisions for sustainable business practices and the incentives for green innovation represent exactly the kind of forward-thinking policy our country needs. The clear framework for carbon accounting will finally allow businesses to properly measure and report their environmental impact. This legislation positions us as global leaders in corporate responsibility while creating exciting opportunities for green technology sectors. The government deserves immense praise for this visionary approach to sustainable economic development.",positive
5,"These proposed regulations are nothing short of disastrous for our industry. The compliance costs are astronomical and will force many small businesses to close their doors permanently. The reporting requirements are unnecessarily burdensome and demonstrate a complete lack of understanding about how our sector actually operates. Rather than supporting recovery, these measures will cripple innovation and send jobs overseas. The complete absence of transitional arrangements shows contempt for businesses that have struggled through recent challenges. I cannot overstate how damaging this legislation will be if implemented in its current form.",negative
6,"The quarterly report indicates that implementation of the new compliance framework has proceeded according to the established timeline. Phase one deployment was completed last month across all regions, with training sessions conducted for approximately 75% of affected entities. The helpdesk facility has received 342 inquiries to date, primarily relating to documentation requirements and submission deadlines. Preliminary data suggests a 68% first-time compliance rate, which aligns with projections. The next review is scheduled for six months from now, when more comprehensive impact assessment will be possible.",neutral
7,"This is hands down the most progressive and well-crafted policy initiative I've encountered in my twenty years in this industry! The thoughtful balance between regulatory oversight and business flexibility demonstrates exceptional understanding of market dynamics. The provisions for digital transformation support are particularly commendable and will accelerate much-needed modernization across the sector. The consultation process itself has been exemplary - truly listening to stakeholder concerns and incorporating feedback meaningfully. This legislation will undoubtedly become a model for other jurisdictions seeking to foster innovation while maintaining appropriate safeguards.",positive
8,"I am profoundly disappointed and concerned about the direction of this proposed legislation. The complete disregard for practical implementation challenges suggests the drafters have little real-world experience in our industry. The compliance timeline is utterly unrealistic, the reporting requirements are duplicative of existing frameworks, and the penalty provisions are disproportionately severe. Rather than addressing genuine issues, this legislation creates new problems while solving none. The consultation process felt perfunctory at best, with stakeholder input appearing to have minimal impact on the final draft. Significant revision is essential before this moves forward.",negative
9,"The workshop on understanding new compliance requirements will be held on November 15th from 9:00 AM to 4:30 PM at the convention center. Registration is required by November 8th through the online portal. Participants should bring government-issued identification and any relevant documentation for their specific sector. The agenda includes overview sessions in the morning followed by breakout groups in the afternoon focusing on particular industry applications. Lunch and refreshments will be provided. Certificates of attendance will be issued to all participants who complete the full-day program.",neutral
10,"I'm genuinely impressed by the innovative approach taken in this policy draft. The creative solutions to complex regulatory challenges show real vision and understanding of contemporary business needs. The graduated implementation timeline allows businesses to adapt progressively rather than facing disruptive changes. The digital integration provisions are particularly forward-thinking and will modernize our regulatory framework significantly. This balanced approach protects consumer interests while fostering entrepreneurship and growth. The drafters deserve recognition for their thoughtful work on this important initiative.",positive
11,"This legislation represents a catastrophic failure of policy development. The complete absence of cost-benefit analysis is staggering for something of this magnitude. The provisions show no understanding of operational realities and will create impossible compliance burdens for most businesses. The penalty structures are punitive rather than corrective, and the appeals process is hopelessly bureaucratic. The draft appears to have been developed in isolation from those who understand the practical implications. I cannot support legislation that will so clearly damage our economic prospects and burden businesses with unworkable requirements.",negative
12,"The technical committee meeting reviewed the implementation progress of the new regulatory framework. Attendance included representatives from fifteen industry associations and eight government departments. Discussion focused on interoperability challenges between existing systems and new reporting requirements. The subcommittee on compliance mechanisms was tasked with developing standardized templates for submission by next quarter. Documentation from the meeting will be circulated to all stakeholders by Friday, with feedback requested within ten business days. The next meeting is scheduled for February 15th to review template development progress.",neutral
13,"This is exactly the kind of thoughtful, innovative policymaking that our country needs! The balanced approach to regulation demonstrates deep understanding of both business needs and public interests. The provisions for digital transformation are particularly commendable and position us well for future challenges. The phased implementation shows practical recognition of the adaptation required for complex changes. The consultation process has been genuinely inclusive, with stakeholder feedback visibly incorporated throughout the document. This legislation will undoubtedly serve as a model for other jurisdictions seeking to modernize their regulatory frameworks effectively.",positive
14,"I am deeply concerned about the practical implications of this poorly conceived legislation. The compliance costs are completely unrealistic for small and medium enterprises, and the timeline for implementation shows no understanding of operational realities. The reporting requirements are duplicative and unnecessarily complex, creating paperwork burdens that will stifle productivity. The penalty provisions are disproportionately severe compared to the nature of most compliance issues. Rather than supporting business growth, this legislation will create new barriers to innovation and investment. Substantial revision is needed before this could be considered workable.",negative
15,"The training program for new compliance officers will commence on January 15th with sessions running through March. Registration is now open through the online portal, with places allocated on a first-come basis. The curriculum covers regulatory frameworks, reporting requirements, risk assessment methodologies, and ethical considerations. Participants will complete practical exercises and case studies throughout the program. Successful completion leads to certification recognized by all major industry bodies. The program fee includes all materials, assessments, and the certification process. Early registration is recommended due to limited capacity.",neutral